station_id,station_name,sensor_id,parameter,unit,first_date_utc,first_date_local,last_date_utc,last_date_local,percent_coverage,percent_complete,observed_count,expected_count
5592,Gangapur Road,14868,co,µg/m³,2018-03-09T06:00:00Z,2018-03-09T11:30:00+05:30,2022-10-31T02:00:00Z,2022-10-31T07:30:00+05:30,1024850.0,1024850.0,40994,4
5592,Gangapur Road,12235630,co,ppb,2025-02-18T20:15:00Z,2025-02-19T01:45:00+05:30,2026-10-07T14:30:00Z,2026-10-07T20:00:00+05:30,1099850.0,1099850.0,43994,4
5592,Gangapur Road,12235631,no,ppb,2025-02-18T20:15:00Z,2025-02-19T01:45:00+05:30,2026-10-07T14:30:00Z,2026-10-07T20:00:00+05:30,1105825.0,1105825.0,44233,4
5592,Gangapur Road,14798,no2,µg/m³,2018-03-09T06:00:00Z,2018-03-09T11:30:00+05:30,2022-10-31T02:00:00Z,2022-10-31T07:30:00+05:30,1005550.0,1005550.0,40222,4
5592,Gangapur Road,12235632,no2,ppb,2025-02-18T20:15:00Z,2025-02-19T01:45:00+05:30,2026-10-07T14:30:00Z,2026-10-07T20:00:00+05:30,1105000.0,1105000.0,44200,4
5592,Gangapur Road,14340867,nox,ppb,2025-10-10T18:15:00Z,2025-10-10T23:45:00+05:30,2026-10-07T14:30:00Z,2026-10-07T20:00:00+05:30,654725.0,654725.0,26189,4
5592,Gangapur Road,15265,o3,µg/m³,2018-03-09T06:00:00Z,2018-03-09T11:30:00+05:30,2022-10-31T02:00:00Z,2022-10-31T07:30:00+05:30,1011050.0,1011050.0,40442,4
5592,Gangapur Road,12235633,o3,µg/m³,2025-02-18T20:15:00Z,2025-02-19T01:45:00+05:30,2026-10-07T14:30:00Z,2026-10-07T20:00:00+05:30,1105125.0,1105125.0,44205,4
5592,Gangapur Road,14795,pm10,µg/m³,2018-03-09T06:00:00Z,2018-03-09T11:30:00+05:30,2022-10-31T02:00:00Z,2022-10-31T07:30:00+05:30,999225.0,999225.0,39969,4
5592,Gangapur Road,12235634,pm10,µg/m³,2025-02-18T20:15:00Z,2025-02-19T01:45:00+05:30,2026-10-07T14:30:00Z,2026-10-07T20:00:00+05:30,1101550.0,1101550.0,44062,4
5592,Gangapur Road,14794,pm25,µg/m³,2018-03-09T06:00:00Z,2018-03-09T11:30:00+05:30,2022-10-31T02:00:00Z,2022-10-31T07:30:00+05:30,1013375.0,1013375.0,40535,4
5592,Gangapur Road,12235635,pm25,µg/m³,2025-02-18T20:15:00Z,2025-02-19T01:45:00+05:30,2026-10-07T14:30:00Z,2026-10-07T20:00:00+05:30,1099725.0,1099725.0,43989,4
5592,Gangapur Road,12235636,relativehumidity,%,2025-02-18T20:15:00Z,2025-02-19T01:45:00+05:30,2026-08-06T11:15:00Z,2026-08-06T16:45:00+05:30,967650.0,967650.0,38706,4
5592,Gangapur Road,14793,so2,µg/m³,2018-03-09T06:00:00Z,2018-03-09T11:30:00+05:30,2022-10-31T02:00:00Z,2022-10-31T07:30:00+05:30,1012425.0,1012425.0,40497,4
5592,Gangapur Road,12235637,so2,ppb,2025-02-18T20:15:00Z,2025-02-19T01:45:00+05:30,2026-10-07T14:30:00Z,2026-10-07T20:00:00+05:30,1082150.0,1082150.0,43286,4
5592,Gangapur Road,12235638,temperature,c,2025-02-18T20:15:00Z,2025-02-19T01:45:00+05:30,2026-08-06T11:15:00Z,2026-08-06T16:45:00+05:30,999100.0,999100.0,39964,4
5592,Gangapur Road,14340868,wind_direction,deg,2025-10-10T18:15:00Z,2025-10-10T23:45:00+05:30,2026-10-07T14:30:00Z,2026-10-07T20:00:00+05:30,653725.0,653725.0,26149,4
5592,Gangapur Road,14340869,wind_speed,m/s,2025-10-10T18:15:00Z,2025-10-10T23:45:00+05:30,2026-10-07T14:30:00Z,2026-10-07T20:00:00+05:30,653850.0,653850.0,26154,4
3409454,Hirawadi,12238134,co,ppb,2025-02-18T20:15:00Z,2025-02-19T01:45:00+05:30,2026-10-07T14:30:00Z,2026-10-07T20:00:00+05:30,565400.0,565400.0,22616,4
3409454,Hirawadi,12238135,no,ppb,2025-02-18T20:15:00Z,2025-02-19T01:45:00+05:30,2026-10-07T13:45:00Z,2026-10-07T19:15:00+05:30,550200.0,550200.0,22008,4
3409454,Hirawadi,12238136,no2,ppb,2025-02-18T20:15:00Z,2025-02-19T01:45:00+05:30,2026-10-07T14:30:00Z,2026-10-07T20:00:00+05:30,551400.0,551400.0,22056,4
3409454,Hirawadi,14341502,nox,ppb,2025-10-10T18:15:00Z,2025-10-10T23:45:00+05:30,2026-10-07T14:30:00Z,2026-10-07T20:00:00+05:30,586025.0,586025.0,23441,4
3409454,Hirawadi,12238137,o3,µg/m³,2025-02-18T20:15:00Z,2025-02-19T01:45:00+05:30,2026-10-07T14:30:00Z,2026-10-07T20:00:00+05:30,563125.0,563125.0,22525,4
3409454,Hirawadi,12238138,pm10,µg/m³,2025-02-18T20:15:00Z,2025-02-19T01:45:00+05:30,2026-10-07T14:30:00Z,2026-10-07T20:00:00+05:30,759250.0,759250.0,30370,4
3409454,Hirawadi,12238139,pm25,µg/m³,2025-02-18T20:15:00Z,2025-02-19T01:45:00+05:30,2026-10-07T14:30:00Z,2026-10-07T20:00:00+05:30,700175.0,700175.0,28007,4
3409454,Hirawadi,12238140,relativehumidity,%,2025-02-18T20:15:00Z,2025-02-19T01:45:00+05:30,2026-10-07T14:30:00Z,2026-10-07T20:00:00+05:30,584125.0,584125.0,23365,4
3409454,Hirawadi,12238141,so2,ppb,2025-02-18T20:15:00Z,2025-02-19T01:45:00+05:30,2026-10-07T14:30:00Z,2026-10-07T20:00:00+05:30,550950.0,550950.0,22038,4
3409454,Hirawadi,12238142,temperature,c,2025-02-18T20:15:00Z,2025-02-19T01:45:00+05:30,2026-10-07T14:30:00Z,2026-10-07T20:00:00+05:30,611325.0,611325.0,24453,4
3409454,Hirawadi,14342240,wind_direction,deg,2025-10-10T21:30:00Z,2025-10-11T03:00:00+05:30,2026-10-07T14:30:00Z,2026-10-07T20:00:00+05:30,264775.0,264775.0,10591,4
3409454,Hirawadi,14342241,wind_speed,m/s,2025-10-10T21:30:00Z,2025-10-11T03:00:00+05:30,2026-10-07T14:30:00Z,2026-10-07T20:00:00+05:30,290675.0,290675.0,11627,4
3409453,MIDC Ambad,12238125,co,ppb,2025-02-18T20:15:00Z,2025-02-19T01:45:00+05:30,2026-10-07T14:30:00Z,2026-10-07T20:00:00+05:30,1054125.0,1054125.0,42165,4
3409453,MIDC Ambad,12238126,no,ppb,2025-02-18T20:15:00Z,2025-02-19T01:45:00+05:30,2026-10-07T14:30:00Z,2026-10-07T20:00:00+05:30,1044500.0,1044500.0,41780,4
3409453,MIDC Ambad,12238127,no2,ppb,2025-02-18T20:15:00Z,2025-02-19T01:45:00+05:30,2026-10-07T14:30:00Z,2026-10-07T20:00:00+05:30,1048650.0,1048650.0,41946,4
3409453,MIDC Ambad,14341499,nox,ppb,2025-10-10T18:15:00Z,2025-10-10T23:45:00+05:30,2026-10-07T14:30:00Z,2026-10-07T20:00:00+05:30,626200.0,626200.0,25048,4
3409453,MIDC Ambad,12238128,o3,µg/m³,2025-02-18T20:15:00Z,2025-02-19T01:45:00+05:30,2026-10-07T14:30:00Z,2026-10-07T20:00:00+05:30,1056675.0,1056675.0,42267,4
3409453,MIDC Ambad,12238129,pm10,µg/m³,2025-02-18T20:15:00Z,2025-02-19T01:45:00+05:30,2026-10-07T14:30:00Z,2026-10-07T20:00:00+05:30,1059525.0,1059525.0,42381,4
3409453,MIDC Ambad,12238130,pm25,µg/m³,2025-02-18T20:15:00Z,2025-02-19T01:45:00+05:30,2026-10-07T14:30:00Z,2026-10-07T20:00:00+05:30,1059625.0,1059625.0,42385,4
3409453,MIDC Ambad,12238131,relativehumidity,%,2025-02-18T20:15:00Z,2025-02-19T01:45:00+05:30,2026-10-07T14:30:00Z,2026-10-07T20:00:00+05:30,1053100.0,1053100.0,42124,4
3409453,MIDC Ambad,12238132,so2,ppb,2025-02-18T20:15:00Z,2025-02-19T01:45:00+05:30,2026-10-07T14:30:00Z,2026-10-07T20:00:00+05:30,1048500.0,1048500.0,41940,4
3409453,MIDC Ambad,12238133,temperature,c,2025-02-18T20:15:00Z,2025-02-19T01:45:00+05:30,2026-10-07T14:30:00Z,2026-10-07T20:00:00+05:30,1062425.0,1062425.0,42497,4
3409453,MIDC Ambad,14341500,wind_direction,deg,2025-10-10T18:15:00Z,2025-10-10T23:45:00+05:30,2026-10-07T14:30:00Z,2026-10-07T20:00:00+05:30,619525.0,619525.0,24781,4
3409453,MIDC Ambad,14341501,wind_speed,m/s,2025-10-10T18:15:00Z,2025-10-10T23:45:00+05:30,2026-10-07T14:30:00Z,2026-10-07T20:00:00+05:30,619775.0,619775.0,24791,4
3409451,Pandav Nagari,12241407,co,ppb,2025-02-19T03:00:00Z,2025-02-19T08:30:00+05:30,2026-10-07T14:30:00Z,2026-10-07T20:00:00+05:30,288100.0,288100.0,11524,4
3409451,Pandav Nagari,12238108,no,ppb,2025-02-18T20:30:00Z,2025-02-19T02:00:00+05:30,2026-10-07T14:30:00Z,2026-10-07T20:00:00+05:30,451075.0,451075.0,18043,4
3409451,Pandav Nagari,12238109,no2,ppb,2025-02-18T20:30:00Z,2025-02-19T02:00:00+05:30,2026-10-07T14:30:00Z,2026-10-07T20:00:00+05:30,423575.0,423575.0,16943,4
3409451,Pandav Nagari,14341493,nox,ppb,2025-10-10T18:15:00Z,2025-10-10T23:45:00+05:30,2026-10-07T14:30:00Z,2026-10-07T20:00:00+05:30,623400.0,623400.0,24936,4
3409451,Pandav Nagari,12238110,o3,µg/m³,2025-02-18T20:30:00Z,2025-02-19T02:00:00+05:30,2026-10-07T14:30:00Z,2026-10-07T20:00:00+05:30,372025.0,372025.0,14881,4
3409451,Pandav Nagari,12238111,pm10,µg/m³,2025-02-18T20:30:00Z,2025-02-19T02:00:00+05:30,2026-10-07T14:30:00Z,2026-10-07T20:00:00+05:30,725900.0,725900.0,29036,4
3409451,Pandav Nagari,12238112,pm25,µg/m³,2025-02-18T20:30:00Z,2025-02-19T02:00:00+05:30,2026-10-07T14:30:00Z,2026-10-07T20:00:00+05:30,688450.0,688450.0,27538,4
3409451,Pandav Nagari,12238113,relativehumidity,%,2025-02-18T20:30:00Z,2025-02-19T02:00:00+05:30,2026-10-07T14:30:00Z,2026-10-07T20:00:00+05:30,516075.0,516075.0,20643,4
3409451,Pandav Nagari,12238114,so2,ppb,2025-02-18T20:30:00Z,2025-02-19T02:00:00+05:30,2026-10-07T14:30:00Z,2026-10-07T20:00:00+05:30,389450.0,389450.0,15578,4
3409451,Pandav Nagari,12238115,temperature,c,2025-02-18T20:30:00Z,2025-02-19T02:00:00+05:30,2026-10-07T14:30:00Z,2026-10-07T20:00:00+05:30,578675.0,578675.0,23147,4
3409451,Pandav Nagari,14341494,wind_direction,deg,2025-10-10T18:15:00Z,2025-10-10T23:45:00+05:30,2026-10-07T14:30:00Z,2026-10-07T20:00:00+05:30,441100.0,441100.0,17644,4
3409451,Pandav Nagari,14341495,wind_speed,m/s,2025-10-10T18:15:00Z,2025-10-10T23:45:00+05:30,2026-10-07T14:30:00Z,2026-10-07T20:00:00+05:30,458950.0,458950.0,18358,4
