timestamp,temperature_c,precipitation_mm,wind_speed_kmh,relative_humidity_pct,weather_source
2025-12-07 00:00:00,15.4,0.0,9.1,75,Open-Meteo Historical Weather API
2025-12-07 01:00:00,15.1,0.0,11.7,75,Open-Meteo Historical Weather API
2025-12-07 02:00:00,14.7,0.0,13.7,76,Open-Meteo Historical Weather API
2025-12-07 03:00:00,14.4,0.0,11.7,76,Open-Meteo Historical Weather API
2025-12-07 04:00:00,13.9,0.0,11.0,78,Open-Meteo Historical Weather API
2025-12-07 05:00:00,13.7,0.0,12.5,77,Open-Meteo Historical Weather API
2025-12-07 06:00:00,13.4,0.0,11.7,76,Open-Meteo Historical Weather API
2025-12-07 07:00:00,13.8,0.0,12.6,72,Open-Meteo Historical Weather API
2025-12-07 08:00:00,15.6,0.0,11.7,65,Open-Meteo Historical Weather API
2025-12-07 09:00:00,18.3,0.0,11.2,55,Open-Meteo Historical Weather API
2025-12-07 10:00:00,21.0,0.0,13.3,47,Open-Meteo Historical Weather API
2025-12-07 11:00:00,23.3,0.0,13.6,39,Open-Meteo Historical Weather API
2025-12-07 12:00:00,24.9,0.0,13.3,36,Open-Meteo Historical Weather API
2025-12-07 13:00:00,25.8,0.0,13.4,33,Open-Meteo Historical Weather API
2025-12-07 14:00:00,26.1,0.0,13.2,32,Open-Meteo Historical Weather API
2025-12-07 15:00:00,25.9,0.0,12.1,31,Open-Meteo Historical Weather API
2025-12-07 16:00:00,25.2,0.0,11.1,32,Open-Meteo Historical Weather API
2025-12-07 17:00:00,23.2,0.0,11.0,39,Open-Meteo Historical Weather API
2025-12-07 18:00:00,21.6,0.0,13.5,41,Open-Meteo Historical Weather API
2025-12-07 19:00:00,20.7,0.0,13.1,43,Open-Meteo Historical Weather API
2025-12-07 20:00:00,19.8,0.0,12.5,47,Open-Meteo Historical Weather API
2025-12-07 21:00:00,17.7,0.0,13.1,54,Open-Meteo Historical Weather API
2025-12-07 22:00:00,16.5,0.0,13.2,62,Open-Meteo Historical Weather API
2025-12-07 23:00:00,15.6,0.0,12.3,67,Open-Meteo Historical Weather API
2025-12-08 00:00:00,14.7,0.0,10.3,70,Open-Meteo Historical Weather API
2025-12-08 01:00:00,14.5,0.0,9.5,69,Open-Meteo Historical Weather API
2025-12-08 02:00:00,14.2,0.0,10.8,68,Open-Meteo Historical Weather API
2025-12-08 03:00:00,13.7,0.0,11.0,67,Open-Meteo Historical Weather API
2025-12-08 04:00:00,13.3,0.0,10.3,68,Open-Meteo Historical Weather API
2025-12-08 05:00:00,13.0,0.0,10.6,70,Open-Meteo Historical Weather API
2025-12-08 06:00:00,12.6,0.0,11.2,70,Open-Meteo Historical Weather API
2025-12-08 07:00:00,12.7,0.0,11.4,68,Open-Meteo Historical Weather API
2025-12-08 08:00:00,15.0,0.0,10.7,59,Open-Meteo Historical Weather API
2025-12-08 09:00:00,18.1,0.0,10.7,49,Open-Meteo Historical Weather API
2025-12-08 10:00:00,20.8,0.0,12.5,41,Open-Meteo Historical Weather API
2025-12-08 11:00:00,23.2,0.0,11.3,33,Open-Meteo Historical Weather API
2025-12-08 12:00:00,25.0,0.0,10.3,28,Open-Meteo Historical Weather API
2025-12-08 13:00:00,25.9,0.0,9.6,26,Open-Meteo Historical Weather API
2025-12-08 14:00:00,26.3,0.0,9.2,25,Open-Meteo Historical Weather API
2025-12-08 15:00:00,26.1,0.0,9.0,24,Open-Meteo Historical Weather API
2025-12-08 16:00:00,25.4,0.0,9.6,24,Open-Meteo Historical Weather API
2025-12-08 17:00:00,23.6,0.0,8.3,27,Open-Meteo Historical Weather API
2025-12-08 18:00:00,21.9,0.0,7.6,32,Open-Meteo Historical Weather API
2025-12-08 19:00:00,19.8,0.0,11.3,39,Open-Meteo Historical Weather API
2025-12-08 20:00:00,17.9,0.0,13.4,46,Open-Meteo Historical Weather API
2025-12-08 21:00:00,16.9,0.0,12.7,48,Open-Meteo Historical Weather API
2025-12-08 22:00:00,16.1,0.0,12.2,52,Open-Meteo Historical Weather API
2025-12-08 23:00:00,15.4,0.0,12.3,58,Open-Meteo Historical Weather API
2025-12-09 00:00:00,14.5,0.0,12.3,62,Open-Meteo Historical Weather API
2025-12-09 01:00:00,14.0,0.0,12.6,63,Open-Meteo Historical Weather API
2025-12-09 02:00:00,13.8,0.0,13.6,60,Open-Meteo Historical Weather API
2025-12-09 03:00:00,13.5,0.0,13.5,56,Open-Meteo Historical Weather API
2025-12-09 04:00:00,13.0,0.0,13.7,56,Open-Meteo Historical Weather API
2025-12-09 05:00:00,12.4,0.0,13.8,58,Open-Meteo Historical Weather API
2025-12-09 06:00:00,11.8,0.0,13.6,58,Open-Meteo Historical Weather API
2025-12-09 07:00:00,11.9,0.0,12.6,56,Open-Meteo Historical Weather API
2025-12-09 08:00:00,14.2,0.0,11.4,49,Open-Meteo Historical Weather API
2025-12-09 09:00:00,17.7,0.0,9.2,41,Open-Meteo Historical Weather API
2025-12-09 10:00:00,21.0,0.0,11.3,33,Open-Meteo Historical Weather API
2025-12-09 11:00:00,23.7,0.0,15.0,26,Open-Meteo Historical Weather API
2025-12-09 12:00:00,25.2,0.0,16.5,23,Open-Meteo Historical Weather API
2025-12-09 13:00:00,26.0,0.0,16.2,20,Open-Meteo Historical Weather API
2025-12-09 14:00:00,26.4,0.0,15.4,19,Open-Meteo Historical Weather API
2025-12-09 15:00:00,26.2,0.0,15.0,19,Open-Meteo Historical Weather API
2025-12-09 16:00:00,25.5,0.0,12.8,22,Open-Meteo Historical Weather API
2025-12-09 17:00:00,23.9,0.0,7.4,26,Open-Meteo Historical Weather API
2025-12-09 18:00:00,21.7,0.0,8.9,33,Open-Meteo Historical Weather API
2025-12-09 19:00:00,19.4,0.0,13.5,41,Open-Meteo Historical Weather API
2025-12-09 20:00:00,18.2,0.0,11.9,42,Open-Meteo Historical Weather API
2025-12-09 21:00:00,17.1,0.0,10.9,45,Open-Meteo Historical Weather API
2025-12-09 22:00:00,16.3,0.0,11.3,48,Open-Meteo Historical Weather API
2025-12-09 23:00:00,16.0,0.0,12.3,49,Open-Meteo Historical Weather API
2025-12-10 00:00:00,14.7,0.0,11.8,53,Open-Meteo Historical Weather API
2025-12-10 01:00:00,14.2,0.0,12.2,54,Open-Meteo Historical Weather API
2025-12-10 02:00:00,13.7,0.0,12.2,55,Open-Meteo Historical Weather API
2025-12-10 03:00:00,13.3,0.0,12.8,56,Open-Meteo Historical Weather API
2025-12-10 04:00:00,13.0,0.0,12.4,56,Open-Meteo Historical Weather API
2025-12-10 05:00:00,12.4,0.0,12.0,57,Open-Meteo Historical Weather API
2025-12-10 06:00:00,12.1,0.0,11.8,59,Open-Meteo Historical Weather API
2025-12-10 07:00:00,12.1,0.0,10.8,59,Open-Meteo Historical Weather API
2025-12-10 08:00:00,14.3,0.0,10.1,52,Open-Meteo Historical Weather API
2025-12-10 09:00:00,17.8,0.0,7.9,42,Open-Meteo Historical Weather API
2025-12-10 10:00:00,21.1,0.0,9.4,33,Open-Meteo Historical Weather API
2025-12-10 11:00:00,23.7,0.0,11.2,27,Open-Meteo Historical Weather API
2025-12-10 12:00:00,25.2,0.0,12.7,23,Open-Meteo Historical Weather API
2025-12-10 13:00:00,25.9,0.0,12.1,21,Open-Meteo Historical Weather API
2025-12-10 14:00:00,26.2,0.0,11.4,20,Open-Meteo Historical Weather API
2025-12-10 15:00:00,26.0,0.0,10.1,21,Open-Meteo Historical Weather API
2025-12-10 16:00:00,25.3,0.0,8.8,23,Open-Meteo Historical Weather API
2025-12-10 17:00:00,23.4,0.0,5.0,27,Open-Meteo Historical Weather API
2025-12-10 18:00:00,21.0,0.0,4.4,33,Open-Meteo Historical Weather API
2025-12-10 19:00:00,20.5,0.0,8.1,34,Open-Meteo Historical Weather API
2025-12-10 20:00:00,18.3,0.0,11.8,44,Open-Meteo Historical Weather API
2025-12-10 21:00:00,17.2,0.0,10.8,43,Open-Meteo Historical Weather API
2025-12-10 22:00:00,16.5,0.0,9.0,42,Open-Meteo Historical Weather API
2025-12-10 23:00:00,15.7,0.0,7.9,47,Open-Meteo Historical Weather API
2025-12-11 00:00:00,14.7,0.0,7.5,52,Open-Meteo Historical Weather API
2025-12-11 01:00:00,14.3,0.0,6.5,55,Open-Meteo Historical Weather API
2025-12-11 02:00:00,13.7,0.0,5.5,57,Open-Meteo Historical Weather API
2025-12-11 03:00:00,13.5,0.0,6.7,59,Open-Meteo Historical Weather API
2025-12-11 04:00:00,13.0,0.0,7.6,60,Open-Meteo Historical Weather API
2025-12-11 05:00:00,12.4,0.0,8.2,63,Open-Meteo Historical Weather API
2025-12-11 06:00:00,11.3,0.0,9.0,67,Open-Meteo Historical Weather API
2025-12-11 07:00:00,11.3,0.0,10.0,66,Open-Meteo Historical Weather API
2025-12-11 08:00:00,13.6,0.0,10.1,57,Open-Meteo Historical Weather API
2025-12-11 09:00:00,17.2,0.0,8.3,46,Open-Meteo Historical Weather API
2025-12-11 10:00:00,20.3,0.0,10.6,37,Open-Meteo Historical Weather API
2025-12-11 11:00:00,22.9,0.0,12.8,27,Open-Meteo Historical Weather API
2025-12-11 12:00:00,24.3,0.0,12.3,24,Open-Meteo Historical Weather API
2025-12-11 13:00:00,25.2,0.0,11.5,21,Open-Meteo Historical Weather API
2025-12-11 14:00:00,25.5,0.0,10.4,21,Open-Meteo Historical Weather API
2025-12-11 15:00:00,25.3,0.0,9.0,22,Open-Meteo Historical Weather API
2025-12-11 16:00:00,24.6,0.0,7.0,25,Open-Meteo Historical Weather API
2025-12-11 17:00:00,22.8,0.0,6.3,28,Open-Meteo Historical Weather API
2025-12-11 18:00:00,21.0,0.0,5.2,32,Open-Meteo Historical Weather API
2025-12-11 19:00:00,20.1,0.0,6.0,34,Open-Meteo Historical Weather API
2025-12-11 20:00:00,17.9,0.0,11.7,44,Open-Meteo Historical Weather API
2025-12-11 21:00:00,16.8,0.0,10.8,45,Open-Meteo Historical Weather API
2025-12-11 22:00:00,15.8,0.0,9.6,45,Open-Meteo Historical Weather API
2025-12-11 23:00:00,15.0,0.0,7.7,49,Open-Meteo Historical Weather API
2025-12-12 00:00:00,14.1,0.0,8.0,52,Open-Meteo Historical Weather API
2025-12-12 01:00:00,13.6,0.0,8.6,54,Open-Meteo Historical Weather API
2025-12-12 02:00:00,13.2,0.0,7.6,56,Open-Meteo Historical Weather API
2025-12-12 03:00:00,12.8,0.0,7.3,57,Open-Meteo Historical Weather API
2025-12-12 04:00:00,12.6,0.0,7.9,59,Open-Meteo Historical Weather API
2025-12-12 05:00:00,12.4,0.0,8.5,60,Open-Meteo Historical Weather API
2025-12-12 06:00:00,12.0,0.0,9.6,62,Open-Meteo Historical Weather API
2025-12-12 07:00:00,12.0,0.0,11.5,62,Open-Meteo Historical Weather API
2025-12-12 08:00:00,14.2,0.0,11.0,54,Open-Meteo Historical Weather API
2025-12-12 09:00:00,17.4,0.0,8.8,46,Open-Meteo Historical Weather API
2025-12-12 10:00:00,20.5,0.0,10.3,39,Open-Meteo Historical Weather API
2025-12-12 11:00:00,23.0,0.0,12.3,33,Open-Meteo Historical Weather API
2025-12-12 12:00:00,24.5,0.0,11.4,30,Open-Meteo Historical Weather API
2025-12-12 13:00:00,25.5,0.0,10.6,25,Open-Meteo Historical Weather API
2025-12-12 14:00:00,25.9,0.0,9.7,22,Open-Meteo Historical Weather API
2025-12-12 15:00:00,25.8,0.0,8.9,22,Open-Meteo Historical Weather API
2025-12-12 16:00:00,25.0,0.0,7.8,24,Open-Meteo Historical Weather API
2025-12-12 17:00:00,23.3,0.0,6.7,29,Open-Meteo Historical Weather API
2025-12-12 18:00:00,21.2,0.0,4.8,35,Open-Meteo Historical Weather API
2025-12-12 19:00:00,20.4,0.0,6.3,37,Open-Meteo Historical Weather API
2025-12-12 20:00:00,18.2,0.0,11.1,47,Open-Meteo Historical Weather API
2025-12-12 21:00:00,17.0,0.0,10.9,48,Open-Meteo Historical Weather API
2025-12-12 22:00:00,16.4,0.0,10.0,46,Open-Meteo Historical Weather API
2025-12-12 23:00:00,15.9,0.0,9.5,48,Open-Meteo Historical Weather API
2025-12-13 00:00:00,14.8,0.0,10.2,52,Open-Meteo Historical Weather API
2025-12-13 01:00:00,14.5,0.0,11.0,54,Open-Meteo Historical Weather API
2025-12-13 02:00:00,14.2,0.0,10.4,57,Open-Meteo Historical Weather API
2025-12-13 03:00:00,13.8,0.0,10.4,59,Open-Meteo Historical Weather API
2025-12-13 04:00:00,13.5,0.0,10.1,60,Open-Meteo Historical Weather API
2025-12-13 05:00:00,13.0,0.0,10.5,62,Open-Meteo Historical Weather API
2025-12-13 06:00:00,12.3,0.0,11.6,65,Open-Meteo Historical Weather API
2025-12-13 07:00:00,12.1,0.0,11.9,66,Open-Meteo Historical Weather API
2025-12-13 08:00:00,14.2,0.0,10.0,59,Open-Meteo Historical Weather API
2025-12-13 09:00:00,17.8,0.0,7.8,48,Open-Meteo Historical Weather API
2025-12-13 10:00:00,21.2,0.0,9.3,39,Open-Meteo Historical Weather API
2025-12-13 11:00:00,24.0,0.0,10.8,33,Open-Meteo Historical Weather API
2025-12-13 12:00:00,25.7,0.0,11.0,29,Open-Meteo Historical Weather API
2025-12-13 13:00:00,26.6,0.0,9.7,26,Open-Meteo Historical Weather API
2025-12-13 14:00:00,27.0,0.0,8.3,23,Open-Meteo Historical Weather API
2025-12-13 15:00:00,26.8,0.0,7.4,23,Open-Meteo Historical Weather API
2025-12-13 16:00:00,25.9,0.0,7.6,25,Open-Meteo Historical Weather API
2025-12-13 17:00:00,24.2,0.0,8.4,29,Open-Meteo Historical Weather API
2025-12-13 18:00:00,22.4,0.0,6.6,33,Open-Meteo Historical Weather API
2025-12-13 19:00:00,21.4,0.0,8.1,36,Open-Meteo Historical Weather API
2025-12-13 20:00:00,19.8,0.0,11.0,42,Open-Meteo Historical Weather API
2025-12-13 21:00:00,17.8,0.0,13.1,50,Open-Meteo Historical Weather API
2025-12-13 22:00:00,16.8,0.0,11.6,54,Open-Meteo Historical Weather API
2025-12-13 23:00:00,15.9,0.0,11.4,59,Open-Meteo Historical Weather API
2025-12-14 00:00:00,14.8,0.0,10.9,65,Open-Meteo Historical Weather API
2025-12-14 01:00:00,14.4,0.0,10.9,67,Open-Meteo Historical Weather API
2025-12-14 02:00:00,14.1,0.0,11.1,68,Open-Meteo Historical Weather API
2025-12-14 03:00:00,13.8,0.0,10.1,69,Open-Meteo Historical Weather API
2025-12-14 04:00:00,13.7,0.0,10.2,68,Open-Meteo Historical Weather API
2025-12-14 05:00:00,13.5,0.0,12.2,68,Open-Meteo Historical Weather API
2025-12-14 06:00:00,13.0,0.0,12.8,70,Open-Meteo Historical Weather API
2025-12-14 07:00:00,13.1,0.0,13.5,70,Open-Meteo Historical Weather API
2025-12-14 08:00:00,15.1,0.0,13.1,63,Open-Meteo Historical Weather API
2025-12-14 09:00:00,18.5,0.0,11.0,51,Open-Meteo Historical Weather API
2025-12-14 10:00:00,21.8,0.0,13.1,42,Open-Meteo Historical Weather API
2025-12-14 11:00:00,24.3,0.0,16.1,32,Open-Meteo Historical Weather API
2025-12-14 12:00:00,25.6,0.0,15.7,26,Open-Meteo Historical Weather API
2025-12-14 13:00:00,26.3,0.0,14.2,24,Open-Meteo Historical Weather API
2025-12-14 14:00:00,26.7,0.0,12.9,23,Open-Meteo Historical Weather API
2025-12-14 15:00:00,26.5,0.0,10.3,23,Open-Meteo Historical Weather API
2025-12-14 16:00:00,25.7,0.0,8.0,25,Open-Meteo Historical Weather API
2025-12-14 17:00:00,23.8,0.0,5.7,30,Open-Meteo Historical Weather API
2025-12-14 18:00:00,21.6,0.0,4.2,37,Open-Meteo Historical Weather API
2025-12-14 19:00:00,20.9,0.0,1.9,39,Open-Meteo Historical Weather API
2025-12-14 20:00:00,20.1,0.0,2.3,41,Open-Meteo Historical Weather API
2025-12-14 21:00:00,18.0,0.0,11.9,49,Open-Meteo Historical Weather API
2025-12-14 22:00:00,16.8,0.0,10.5,56,Open-Meteo Historical Weather API
2025-12-14 23:00:00,16.0,0.0,10.7,63,Open-Meteo Historical Weather API
2025-12-15 00:00:00,15.1,0.0,11.0,69,Open-Meteo Historical Weather API
2025-12-15 01:00:00,14.6,0.0,10.3,72,Open-Meteo Historical Weather API
2025-12-15 02:00:00,14.1,0.0,10.0,75,Open-Meteo Historical Weather API
2025-12-15 03:00:00,13.8,0.0,11.4,75,Open-Meteo Historical Weather API
2025-12-15 04:00:00,13.4,0.0,12.4,74,Open-Meteo Historical Weather API
2025-12-15 05:00:00,13.1,0.0,13.0,74,Open-Meteo Historical Weather API
2025-12-15 06:00:00,12.5,0.0,12.7,75,Open-Meteo Historical Weather API
2025-12-15 07:00:00,12.4,0.0,12.6,71,Open-Meteo Historical Weather API
2025-12-15 08:00:00,14.5,0.0,11.4,60,Open-Meteo Historical Weather API
2025-12-15 09:00:00,17.5,0.0,10.6,47,Open-Meteo Historical Weather API
2025-12-15 10:00:00,20.4,0.0,12.7,35,Open-Meteo Historical Weather API
2025-12-15 11:00:00,23.0,0.0,13.0,25,Open-Meteo Historical Weather API
2025-12-15 12:00:00,24.7,0.0,12.8,21,Open-Meteo Historical Weather API
2025-12-15 13:00:00,25.6,0.0,11.0,19,Open-Meteo Historical Weather API
2025-12-15 14:00:00,25.9,0.0,9.6,21,Open-Meteo Historical Weather API
2025-12-15 15:00:00,25.8,0.0,9.1,22,Open-Meteo Historical Weather API
2025-12-15 16:00:00,25.1,0.0,9.2,24,Open-Meteo Historical Weather API
2025-12-15 17:00:00,23.3,0.0,7.4,27,Open-Meteo Historical Weather API
2025-12-15 18:00:00,20.9,0.0,10.1,35,Open-Meteo Historical Weather API
2025-12-15 19:00:00,19.1,0.0,13.1,39,Open-Meteo Historical Weather API
2025-12-15 20:00:00,17.8,0.0,12.2,43,Open-Meteo Historical Weather API
2025-12-15 21:00:00,16.9,0.0,12.3,48,Open-Meteo Historical Weather API
2025-12-15 22:00:00,16.1,0.0,12.7,51,Open-Meteo Historical Weather API
2025-12-15 23:00:00,15.5,0.0,13.2,52,Open-Meteo Historical Weather API
2025-12-16 00:00:00,14.7,0.0,13.1,54,Open-Meteo Historical Weather API
2025-12-16 01:00:00,14.2,0.0,13.3,57,Open-Meteo Historical Weather API
2025-12-16 02:00:00,13.7,0.0,13.7,61,Open-Meteo Historical Weather API
2025-12-16 03:00:00,13.3,0.0,13.8,64,Open-Meteo Historical Weather API
2025-12-16 04:00:00,12.7,0.0,12.6,67,Open-Meteo Historical Weather API
2025-12-16 05:00:00,12.3,0.0,11.0,69,Open-Meteo Historical Weather API
2025-12-16 06:00:00,11.8,0.0,11.3,72,Open-Meteo Historical Weather API
2025-12-16 07:00:00,11.8,0.0,12.6,73,Open-Meteo Historical Weather API
2025-12-16 08:00:00,14.1,0.0,12.3,64,Open-Meteo Historical Weather API
2025-12-16 09:00:00,17.0,0.0,12.4,55,Open-Meteo Historical Weather API
2025-12-16 10:00:00,19.6,0.0,15.0,48,Open-Meteo Historical Weather API
2025-12-16 11:00:00,21.8,0.0,15.7,41,Open-Meteo Historical Weather API
2025-12-16 12:00:00,23.6,0.0,15.4,36,Open-Meteo Historical Weather API
2025-12-16 13:00:00,25.0,0.0,14.6,32,Open-Meteo Historical Weather API
2025-12-16 14:00:00,25.8,0.0,12.8,30,Open-Meteo Historical Weather API
2025-12-16 15:00:00,25.9,0.0,11.4,30,Open-Meteo Historical Weather API
2025-12-16 16:00:00,25.1,0.0,11.0,32,Open-Meteo Historical Weather API
2025-12-16 17:00:00,23.4,0.0,11.2,38,Open-Meteo Historical Weather API
2025-12-16 18:00:00,21.6,0.0,13.4,41,Open-Meteo Historical Weather API
2025-12-16 19:00:00,20.6,0.0,13.5,41,Open-Meteo Historical Weather API
2025-12-16 20:00:00,19.5,0.0,13.0,43,Open-Meteo Historical Weather API
2025-12-16 21:00:00,17.6,0.0,12.8,49,Open-Meteo Historical Weather API
2025-12-16 22:00:00,16.5,0.0,12.7,62,Open-Meteo Historical Weather API
2025-12-16 23:00:00,15.8,0.0,12.5,69,Open-Meteo Historical Weather API
2025-12-17 00:00:00,15.1,0.0,11.9,72,Open-Meteo Historical Weather API
2025-12-17 01:00:00,14.7,0.0,10.7,74,Open-Meteo Historical Weather API
2025-12-17 02:00:00,14.1,0.0,10.5,76,Open-Meteo Historical Weather API
2025-12-17 03:00:00,13.6,0.0,11.5,78,Open-Meteo Historical Weather API
2025-12-17 04:00:00,13.1,0.0,12.5,80,Open-Meteo Historical Weather API
2025-12-17 05:00:00,12.7,0.0,12.7,81,Open-Meteo Historical Weather API
2025-12-17 06:00:00,12.2,0.0,11.9,82,Open-Meteo Historical Weather API
2025-12-17 07:00:00,12.2,0.0,12.4,81,Open-Meteo Historical Weather API
2025-12-17 08:00:00,14.4,0.0,12.2,70,Open-Meteo Historical Weather API
2025-12-17 09:00:00,17.7,0.0,10.9,57,Open-Meteo Historical Weather API
2025-12-17 10:00:00,20.7,0.0,12.5,49,Open-Meteo Historical Weather API
2025-12-17 11:00:00,23.5,0.0,12.7,43,Open-Meteo Historical Weather API
2025-12-17 12:00:00,25.4,0.0,11.0,37,Open-Meteo Historical Weather API
2025-12-17 13:00:00,26.6,0.0,9.4,32,Open-Meteo Historical Weather API
2025-12-17 14:00:00,27.2,0.0,8.2,30,Open-Meteo Historical Weather API
2025-12-17 15:00:00,27.1,0.0,8.5,30,Open-Meteo Historical Weather API
2025-12-17 16:00:00,26.4,0.0,9.4,32,Open-Meteo Historical Weather API
2025-12-17 17:00:00,24.2,0.0,9.9,36,Open-Meteo Historical Weather API
2025-12-17 18:00:00,22.3,0.0,8.9,41,Open-Meteo Historical Weather API
2025-12-17 19:00:00,21.3,0.0,9.9,44,Open-Meteo Historical Weather API
2025-12-17 20:00:00,19.7,0.0,11.4,48,Open-Meteo Historical Weather API
2025-12-17 21:00:00,18.0,0.0,12.7,55,Open-Meteo Historical Weather API
2025-12-17 22:00:00,16.9,0.0,11.5,61,Open-Meteo Historical Weather API
2025-12-17 23:00:00,15.8,0.0,11.0,67,Open-Meteo Historical Weather API
2025-12-18 00:00:00,15.2,0.0,11.2,68,Open-Meteo Historical Weather API
2025-12-18 01:00:00,14.9,0.0,11.4,69,Open-Meteo Historical Weather API
2025-12-18 02:00:00,14.5,0.0,11.7,71,Open-Meteo Historical Weather API
2025-12-18 03:00:00,14.0,0.0,12.2,74,Open-Meteo Historical Weather API
2025-12-18 04:00:00,13.5,0.0,11.9,77,Open-Meteo Historical Weather API
2025-12-18 05:00:00,13.4,0.0,11.3,77,Open-Meteo Historical Weather API
2025-12-18 06:00:00,12.7,0.0,11.7,80,Open-Meteo Historical Weather API
2025-12-18 07:00:00,12.6,0.0,12.0,80,Open-Meteo Historical Weather API
2025-12-18 08:00:00,14.9,0.0,11.7,70,Open-Meteo Historical Weather API
2025-12-18 09:00:00,18.1,0.0,9.8,58,Open-Meteo Historical Weather API
2025-12-18 10:00:00,21.4,0.0,11.6,48,Open-Meteo Historical Weather API
2025-12-18 11:00:00,24.1,0.0,13.3,37,Open-Meteo Historical Weather API
2025-12-18 12:00:00,25.8,0.0,13.1,29,Open-Meteo Historical Weather API
2025-12-18 13:00:00,26.9,0.0,12.6,24,Open-Meteo Historical Weather API
2025-12-18 14:00:00,27.4,0.0,12.0,21,Open-Meteo Historical Weather API
2025-12-18 15:00:00,27.3,0.0,11.3,20,Open-Meteo Historical Weather API
2025-12-18 16:00:00,26.6,0.0,9.4,21,Open-Meteo Historical Weather API
2025-12-18 17:00:00,24.3,0.0,7.1,26,Open-Meteo Historical Weather API
2025-12-18 18:00:00,21.9,0.0,5.0,31,Open-Meteo Historical Weather API
2025-12-18 19:00:00,21.4,0.0,7.4,33,Open-Meteo Historical Weather API
2025-12-18 20:00:00,19.1,0.0,10.8,44,Open-Meteo Historical Weather API
2025-12-18 21:00:00,17.8,0.0,10.0,51,Open-Meteo Historical Weather API
2025-12-18 22:00:00,17.1,0.0,9.7,53,Open-Meteo Historical Weather API
2025-12-18 23:00:00,15.9,0.0,9.0,58,Open-Meteo Historical Weather API
2025-12-19 00:00:00,14.8,0.0,9.2,63,Open-Meteo Historical Weather API
2025-12-19 01:00:00,14.3,0.0,9.1,66,Open-Meteo Historical Weather API
2025-12-19 02:00:00,14.0,0.0,9.1,67,Open-Meteo Historical Weather API
2025-12-19 03:00:00,13.6,0.0,9.7,68,Open-Meteo Historical Weather API
2025-12-19 04:00:00,13.3,0.0,10.0,66,Open-Meteo Historical Weather API
2025-12-19 05:00:00,13.2,0.0,9.8,63,Open-Meteo Historical Weather API
2025-12-19 06:00:00,12.5,0.0,10.1,65,Open-Meteo Historical Weather API
2025-12-19 07:00:00,12.3,0.0,10.2,65,Open-Meteo Historical Weather API
2025-12-19 08:00:00,14.4,0.0,9.8,56,Open-Meteo Historical Weather API
2025-12-19 09:00:00,17.7,0.0,7.8,47,Open-Meteo Historical Weather API
2025-12-19 10:00:00,20.9,0.0,9.6,35,Open-Meteo Historical Weather API
2025-12-19 11:00:00,23.7,0.0,10.5,25,Open-Meteo Historical Weather API
2025-12-19 12:00:00,25.8,0.0,9.7,19,Open-Meteo Historical Weather API
2025-12-19 13:00:00,27.1,0.0,9.4,17,Open-Meteo Historical Weather API
2025-12-19 14:00:00,27.5,0.0,9.6,17,Open-Meteo Historical Weather API
2025-12-19 15:00:00,27.4,0.0,9.4,18,Open-Meteo Historical Weather API
2025-12-19 16:00:00,27.0,0.0,9.7,15,Open-Meteo Historical Weather API
2025-12-19 17:00:00,25.1,0.0,9.8,19,Open-Meteo Historical Weather API
2025-12-19 18:00:00,22.1,0.0,14.5,27,Open-Meteo Historical Weather API
2025-12-19 19:00:00,20.1,0.0,14.4,33,Open-Meteo Historical Weather API
2025-12-19 20:00:00,18.4,0.0,12.5,38,Open-Meteo Historical Weather API
2025-12-19 21:00:00,16.9,0.0,11.3,44,Open-Meteo Historical Weather API
2025-12-19 22:00:00,15.9,0.0,10.1,49,Open-Meteo Historical Weather API
2025-12-19 23:00:00,14.9,0.0,9.9,53,Open-Meteo Historical Weather API
2025-12-20 00:00:00,14.2,0.0,9.6,56,Open-Meteo Historical Weather API
2025-12-20 01:00:00,13.7,0.0,9.6,58,Open-Meteo Historical Weather API
2025-12-20 02:00:00,13.4,0.0,9.4,59,Open-Meteo Historical Weather API
2025-12-20 03:00:00,13.1,0.0,8.4,61,Open-Meteo Historical Weather API
2025-12-20 04:00:00,12.8,0.0,5.8,62,Open-Meteo Historical Weather API
2025-12-20 05:00:00,12.8,0.0,5.6,62,Open-Meteo Historical Weather API
2025-12-20 06:00:00,12.4,0.0,6.6,63,Open-Meteo Historical Weather API
2025-12-20 07:00:00,12.3,0.0,9.0,61,Open-Meteo Historical Weather API
2025-12-20 08:00:00,14.4,0.0,9.5,52,Open-Meteo Historical Weather API
2025-12-20 09:00:00,17.9,0.0,7.2,42,Open-Meteo Historical Weather API
2025-12-20 10:00:00,20.9,0.0,10.1,33,Open-Meteo Historical Weather API
2025-12-20 11:00:00,23.5,0.0,11.7,22,Open-Meteo Historical Weather API
2025-12-20 12:00:00,25.4,0.0,12.1,18,Open-Meteo Historical Weather API
2025-12-20 13:00:00,26.5,0.0,12.9,15,Open-Meteo Historical Weather API
2025-12-20 14:00:00,26.9,0.0,13.4,15,Open-Meteo Historical Weather API
2025-12-20 15:00:00,26.9,0.0,13.1,15,Open-Meteo Historical Weather API
2025-12-20 16:00:00,26.1,0.0,13.0,15,Open-Meteo Historical Weather API
2025-12-20 17:00:00,24.0,0.0,10.4,19,Open-Meteo Historical Weather API
2025-12-20 18:00:00,21.2,0.0,12.5,26,Open-Meteo Historical Weather API
2025-12-20 19:00:00,19.4,0.0,13.4,31,Open-Meteo Historical Weather API
2025-12-20 20:00:00,18.1,0.0,12.8,35,Open-Meteo Historical Weather API
2025-12-20 21:00:00,17.1,0.0,11.5,38,Open-Meteo Historical Weather API
2025-12-20 22:00:00,16.4,0.0,12.1,39,Open-Meteo Historical Weather API
2025-12-20 23:00:00,15.8,0.0,12.3,42,Open-Meteo Historical Weather API
2025-12-21 00:00:00,14.8,0.0,11.9,46,Open-Meteo Historical Weather API
2025-12-21 01:00:00,14.4,0.0,12.6,47,Open-Meteo Historical Weather API
2025-12-21 02:00:00,14.1,0.0,13.3,47,Open-Meteo Historical Weather API
2025-12-21 03:00:00,13.7,0.0,13.4,47,Open-Meteo Historical Weather API
2025-12-21 04:00:00,13.2,0.0,12.7,49,Open-Meteo Historical Weather API
2025-12-21 05:00:00,12.8,0.0,10.8,52,Open-Meteo Historical Weather API
2025-12-21 06:00:00,12.2,0.0,11.0,56,Open-Meteo Historical Weather API
2025-12-21 07:00:00,12.1,0.0,11.2,57,Open-Meteo Historical Weather API
2025-12-21 08:00:00,13.8,0.0,10.7,52,Open-Meteo Historical Weather API
2025-12-21 09:00:00,16.8,0.0,9.1,45,Open-Meteo Historical Weather API
2025-12-21 10:00:00,19.5,0.0,10.4,38,Open-Meteo Historical Weather API
2025-12-21 11:00:00,22.4,0.0,12.4,30,Open-Meteo Historical Weather API
2025-12-21 12:00:00,23.9,0.0,13.5,25,Open-Meteo Historical Weather API
2025-12-21 13:00:00,24.7,0.0,12.7,22,Open-Meteo Historical Weather API
2025-12-21 14:00:00,25.0,0.0,11.8,20,Open-Meteo Historical Weather API
2025-12-21 15:00:00,25.0,0.0,10.3,21,Open-Meteo Historical Weather API
2025-12-21 16:00:00,24.4,0.0,8.5,24,Open-Meteo Historical Weather API
2025-12-21 17:00:00,22.8,0.0,6.8,28,Open-Meteo Historical Weather API
2025-12-21 18:00:00,21.0,0.0,5.4,33,Open-Meteo Historical Weather API
2025-12-21 19:00:00,19.8,0.0,8.9,36,Open-Meteo Historical Weather API
2025-12-21 20:00:00,18.0,0.0,12.4,43,Open-Meteo Historical Weather API
2025-12-21 21:00:00,17.1,0.0,12.9,45,Open-Meteo Historical Weather API
2025-12-21 22:00:00,16.1,0.0,12.6,50,Open-Meteo Historical Weather API
2025-12-21 23:00:00,15.2,0.0,11.3,56,Open-Meteo Historical Weather API
2025-12-22 00:00:00,14.4,0.0,12.0,58,Open-Meteo Historical Weather API
2025-12-22 01:00:00,14.1,0.0,12.1,59,Open-Meteo Historical Weather API
2025-12-22 02:00:00,13.5,0.0,12.4,61,Open-Meteo Historical Weather API
2025-12-22 03:00:00,12.8,0.0,11.9,64,Open-Meteo Historical Weather API
2025-12-22 04:00:00,12.3,0.0,11.7,65,Open-Meteo Historical Weather API
2025-12-22 05:00:00,12.1,0.0,12.0,67,Open-Meteo Historical Weather API
2025-12-22 06:00:00,11.6,0.0,12.9,68,Open-Meteo Historical Weather API
2025-12-22 07:00:00,11.6,0.0,12.4,67,Open-Meteo Historical Weather API
2025-12-22 08:00:00,13.7,0.0,11.4,59,Open-Meteo Historical Weather API
2025-12-22 09:00:00,17.0,0.0,9.4,47,Open-Meteo Historical Weather API
2025-12-22 10:00:00,20.2,0.0,11.3,38,Open-Meteo Historical Weather API
2025-12-22 11:00:00,22.9,0.0,13.1,29,Open-Meteo Historical Weather API
2025-12-22 12:00:00,24.6,0.0,13.9,23,Open-Meteo Historical Weather API
2025-12-22 13:00:00,25.5,0.0,13.8,22,Open-Meteo Historical Weather API
2025-12-22 14:00:00,25.9,0.0,13.6,21,Open-Meteo Historical Weather API
2025-12-22 15:00:00,25.8,0.0,11.7,23,Open-Meteo Historical Weather API
2025-12-22 16:00:00,25.2,0.0,9.9,25,Open-Meteo Historical Weather API
2025-12-22 17:00:00,23.6,0.0,8.8,29,Open-Meteo Historical Weather API
2025-12-22 18:00:00,21.8,0.0,7.5,34,Open-Meteo Historical Weather API
2025-12-22 19:00:00,19.9,0.0,8.8,40,Open-Meteo Historical Weather API
2025-12-22 20:00:00,18.3,0.0,11.5,45,Open-Meteo Historical Weather API
2025-12-22 21:00:00,17.6,0.0,10.4,44,Open-Meteo Historical Weather API
2025-12-22 22:00:00,16.6,0.0,9.7,48,Open-Meteo Historical Weather API
2025-12-22 23:00:00,16.0,0.0,9.1,53,Open-Meteo Historical Weather API
2025-12-23 00:00:00,15.2,0.0,9.6,57,Open-Meteo Historical Weather API
2025-12-23 01:00:00,15.0,0.0,10.8,60,Open-Meteo Historical Weather API
2025-12-23 02:00:00,14.4,0.0,10.8,63,Open-Meteo Historical Weather API
2025-12-23 03:00:00,13.7,0.0,8.9,65,Open-Meteo Historical Weather API
2025-12-23 04:00:00,13.6,0.0,8.6,65,Open-Meteo Historical Weather API
2025-12-23 05:00:00,13.1,0.0,10.5,68,Open-Meteo Historical Weather API
2025-12-23 06:00:00,12.4,0.0,10.8,70,Open-Meteo Historical Weather API
2025-12-23 07:00:00,12.2,0.0,11.5,71,Open-Meteo Historical Weather API
2025-12-23 08:00:00,14.4,0.0,11.2,63,Open-Meteo Historical Weather API
2025-12-23 09:00:00,17.6,0.0,9.9,52,Open-Meteo Historical Weather API
2025-12-23 10:00:00,20.5,0.0,10.8,43,Open-Meteo Historical Weather API
2025-12-23 11:00:00,23.3,0.0,12.1,35,Open-Meteo Historical Weather API
2025-12-23 12:00:00,25.0,0.0,12.2,29,Open-Meteo Historical Weather API
2025-12-23 13:00:00,25.9,0.0,11.3,27,Open-Meteo Historical Weather API
2025-12-23 14:00:00,26.3,0.0,11.3,24,Open-Meteo Historical Weather API
2025-12-23 15:00:00,26.2,0.0,11.5,24,Open-Meteo Historical Weather API
2025-12-23 16:00:00,25.4,0.0,11.5,24,Open-Meteo Historical Weather API
2025-12-23 17:00:00,23.7,0.0,9.0,28,Open-Meteo Historical Weather API
2025-12-23 18:00:00,21.4,0.0,12.5,32,Open-Meteo Historical Weather API
2025-12-23 19:00:00,20.0,0.0,13.4,37,Open-Meteo Historical Weather API
2025-12-23 20:00:00,18.8,0.0,11.9,43,Open-Meteo Historical Weather API
2025-12-23 21:00:00,17.6,0.0,9.0,47,Open-Meteo Historical Weather API
2025-12-23 22:00:00,16.7,0.0,8.0,50,Open-Meteo Historical Weather API
2025-12-23 23:00:00,16.1,0.0,9.4,53,Open-Meteo Historical Weather API
2025-12-24 00:00:00,15.4,0.0,9.9,55,Open-Meteo Historical Weather API
2025-12-24 01:00:00,14.9,0.0,11.4,57,Open-Meteo Historical Weather API
2025-12-24 02:00:00,14.4,0.0,11.0,59,Open-Meteo Historical Weather API
2025-12-24 03:00:00,13.9,0.0,10.8,60,Open-Meteo Historical Weather API
2025-12-24 04:00:00,13.4,0.0,11.2,61,Open-Meteo Historical Weather API
2025-12-24 05:00:00,13.0,0.0,11.1,62,Open-Meteo Historical Weather API
2025-12-24 06:00:00,12.3,0.0,11.1,65,Open-Meteo Historical Weather API
2025-12-24 07:00:00,12.3,0.0,11.1,64,Open-Meteo Historical Weather API
2025-12-24 08:00:00,14.4,0.0,10.3,57,Open-Meteo Historical Weather API
2025-12-24 09:00:00,17.4,0.0,8.3,47,Open-Meteo Historical Weather API
2025-12-24 10:00:00,20.1,0.0,9.0,39,Open-Meteo Historical Weather API
2025-12-24 11:00:00,22.5,0.0,12.9,34,Open-Meteo Historical Weather API
2025-12-24 12:00:00,24.0,0.0,13.6,30,Open-Meteo Historical Weather API
2025-12-24 13:00:00,24.9,0.0,12.7,28,Open-Meteo Historical Weather API
2025-12-24 14:00:00,25.3,0.0,11.0,27,Open-Meteo Historical Weather API
2025-12-24 15:00:00,25.2,0.0,9.5,26,Open-Meteo Historical Weather API
2025-12-24 16:00:00,24.5,0.0,9.7,28,Open-Meteo Historical Weather API
2025-12-24 17:00:00,23.1,0.0,10.2,31,Open-Meteo Historical Weather API
2025-12-24 18:00:00,21.4,0.0,10.0,36,Open-Meteo Historical Weather API
2025-12-24 19:00:00,20.4,0.0,7.2,39,Open-Meteo Historical Weather API
2025-12-24 20:00:00,18.9,0.0,11.4,43,Open-Meteo Historical Weather API
2025-12-24 21:00:00,17.4,0.0,12.8,50,Open-Meteo Historical Weather API
2025-12-24 22:00:00,16.5,0.0,11.5,52,Open-Meteo Historical Weather API
2025-12-24 23:00:00,15.8,0.0,11.0,53,Open-Meteo Historical Weather API
2025-12-25 00:00:00,15.0,0.0,10.4,55,Open-Meteo Historical Weather API
2025-12-25 01:00:00,14.5,0.0,10.2,56,Open-Meteo Historical Weather API
2025-12-25 02:00:00,13.9,0.0,9.5,58,Open-Meteo Historical Weather API
2025-12-25 03:00:00,13.6,0.0,10.2,59,Open-Meteo Historical Weather API
2025-12-25 04:00:00,13.2,0.0,10.9,61,Open-Meteo Historical Weather API
2025-12-25 05:00:00,13.1,0.0,10.8,63,Open-Meteo Historical Weather API
2025-12-25 06:00:00,12.5,0.0,10.8,65,Open-Meteo Historical Weather API
2025-12-25 07:00:00,12.3,0.0,10.7,67,Open-Meteo Historical Weather API
2025-12-25 08:00:00,14.1,0.0,9.9,60,Open-Meteo Historical Weather API
2025-12-25 09:00:00,17.3,0.0,8.0,50,Open-Meteo Historical Weather API
2025-12-25 10:00:00,20.5,0.0,9.5,41,Open-Meteo Historical Weather API
2025-12-25 11:00:00,22.9,0.0,11.8,32,Open-Meteo Historical Weather API
2025-12-25 12:00:00,24.3,0.0,9.4,27,Open-Meteo Historical Weather API
2025-12-25 13:00:00,25.0,0.0,7.5,26,Open-Meteo Historical Weather API
2025-12-25 14:00:00,25.4,0.0,6.1,25,Open-Meteo Historical Weather API
2025-12-25 15:00:00,25.2,0.0,6.8,25,Open-Meteo Historical Weather API
2025-12-25 16:00:00,24.6,0.0,8.6,26,Open-Meteo Historical Weather API
2025-12-25 17:00:00,23.0,0.0,10.5,29,Open-Meteo Historical Weather API
2025-12-25 18:00:00,21.4,0.0,10.8,30,Open-Meteo Historical Weather API
2025-12-25 19:00:00,20.4,0.0,10.8,31,Open-Meteo Historical Weather API
2025-12-25 20:00:00,19.4,0.0,10.8,33,Open-Meteo Historical Weather API
2025-12-25 21:00:00,17.8,0.0,10.2,38,Open-Meteo Historical Weather API
2025-12-25 22:00:00,16.3,0.0,10.1,48,Open-Meteo Historical Weather API
2025-12-25 23:00:00,15.4,0.0,9.6,58,Open-Meteo Historical Weather API
2025-12-26 00:00:00,14.6,0.0,7.9,62,Open-Meteo Historical Weather API
2025-12-26 01:00:00,14.4,0.0,8.5,62,Open-Meteo Historical Weather API
2025-12-26 02:00:00,14.2,0.0,9.8,63,Open-Meteo Historical Weather API
2025-12-26 03:00:00,13.9,0.0,9.2,63,Open-Meteo Historical Weather API
2025-12-26 04:00:00,13.5,0.0,9.5,65,Open-Meteo Historical Weather API
2025-12-26 05:00:00,12.7,0.0,11.1,66,Open-Meteo Historical Weather API
2025-12-26 06:00:00,11.9,0.0,11.4,70,Open-Meteo Historical Weather API
2025-12-26 07:00:00,11.6,0.0,11.4,71,Open-Meteo Historical Weather API
2025-12-26 08:00:00,13.5,0.0,9.8,63,Open-Meteo Historical Weather API
2025-12-26 09:00:00,16.6,0.0,7.7,52,Open-Meteo Historical Weather API
2025-12-26 10:00:00,19.8,0.0,8.7,43,Open-Meteo Historical Weather API
2025-12-26 11:00:00,22.3,0.0,10.3,39,Open-Meteo Historical Weather API
2025-12-26 12:00:00,24.0,0.0,10.4,33,Open-Meteo Historical Weather API
2025-12-26 13:00:00,25.0,0.0,8.8,30,Open-Meteo Historical Weather API
2025-12-26 14:00:00,25.4,0.0,7.2,29,Open-Meteo Historical Weather API
2025-12-26 15:00:00,25.3,0.0,7.6,29,Open-Meteo Historical Weather API
2025-12-26 16:00:00,24.6,0.0,9.1,30,Open-Meteo Historical Weather API
2025-12-26 17:00:00,23.1,0.0,9.7,34,Open-Meteo Historical Weather API
2025-12-26 18:00:00,21.3,0.0,8.4,38,Open-Meteo Historical Weather API
2025-12-26 19:00:00,20.3,0.0,9.3,40,Open-Meteo Historical Weather API
2025-12-26 20:00:00,19.1,0.0,9.9,44,Open-Meteo Historical Weather API
2025-12-26 21:00:00,17.5,0.0,12.5,50,Open-Meteo Historical Weather API
2025-12-26 22:00:00,16.6,0.0,11.6,55,Open-Meteo Historical Weather API
2025-12-26 23:00:00,15.6,0.0,10.5,58,Open-Meteo Historical Weather API
2025-12-27 00:00:00,14.8,0.0,9.2,60,Open-Meteo Historical Weather API
2025-12-27 01:00:00,14.6,0.0,9.3,60,Open-Meteo Historical Weather API
2025-12-27 02:00:00,14.4,0.0,9.6,60,Open-Meteo Historical Weather API
2025-12-27 03:00:00,14.3,0.0,10.3,60,Open-Meteo Historical Weather API
2025-12-27 04:00:00,14.0,0.0,11.0,61,Open-Meteo Historical Weather API
2025-12-27 05:00:00,13.5,0.0,10.8,63,Open-Meteo Historical Weather API
2025-12-27 06:00:00,12.8,0.0,10.7,67,Open-Meteo Historical Weather API
2025-12-27 07:00:00,12.4,0.0,10.8,69,Open-Meteo Historical Weather API
2025-12-27 08:00:00,14.1,0.0,9.0,63,Open-Meteo Historical Weather API
2025-12-27 09:00:00,17.4,0.0,7.3,52,Open-Meteo Historical Weather API
2025-12-27 10:00:00,20.8,0.0,6.6,42,Open-Meteo Historical Weather API
2025-12-27 11:00:00,23.2,0.0,9.0,36,Open-Meteo Historical Weather API
2025-12-27 12:00:00,24.9,0.0,6.4,29,Open-Meteo Historical Weather API
2025-12-27 13:00:00,25.6,0.0,3.7,27,Open-Meteo Historical Weather API
2025-12-27 14:00:00,25.9,0.0,2.9,26,Open-Meteo Historical Weather API
2025-12-27 15:00:00,25.8,0.0,4.2,26,Open-Meteo Historical Weather API
2025-12-27 16:00:00,25.2,0.0,5.9,28,Open-Meteo Historical Weather API
2025-12-27 17:00:00,23.7,0.0,6.9,33,Open-Meteo Historical Weather API
2025-12-27 18:00:00,21.5,0.0,10.7,40,Open-Meteo Historical Weather API
2025-12-27 19:00:00,20.8,0.0,9.2,41,Open-Meteo Historical Weather API
2025-12-27 20:00:00,19.3,0.0,8.6,45,Open-Meteo Historical Weather API
2025-12-27 21:00:00,17.7,0.0,7.7,51,Open-Meteo Historical Weather API
2025-12-27 22:00:00,16.7,0.0,10.9,54,Open-Meteo Historical Weather API
2025-12-27 23:00:00,15.9,0.0,10.1,60,Open-Meteo Historical Weather API
2025-12-28 00:00:00,15.1,0.0,9.4,64,Open-Meteo Historical Weather API
2025-12-28 01:00:00,14.6,0.0,9.7,67,Open-Meteo Historical Weather API
2025-12-28 02:00:00,14.2,0.0,10.3,67,Open-Meteo Historical Weather API
2025-12-28 03:00:00,14.2,0.0,10.5,66,Open-Meteo Historical Weather API
2025-12-28 04:00:00,13.9,0.0,11.5,67,Open-Meteo Historical Weather API
2025-12-28 05:00:00,13.3,0.0,12.7,71,Open-Meteo Historical Weather API
2025-12-28 06:00:00,12.4,0.0,12.1,76,Open-Meteo Historical Weather API
2025-12-28 07:00:00,12.0,0.0,11.3,77,Open-Meteo Historical Weather API
2025-12-28 08:00:00,13.8,0.0,10.8,70,Open-Meteo Historical Weather API
2025-12-28 09:00:00,16.8,0.0,9.0,58,Open-Meteo Historical Weather API
2025-12-28 10:00:00,20.0,0.0,8.8,45,Open-Meteo Historical Weather API
2025-12-28 11:00:00,22.7,0.0,8.3,39,Open-Meteo Historical Weather API
2025-12-28 12:00:00,24.7,0.0,8.0,31,Open-Meteo Historical Weather API
2025-12-28 13:00:00,25.5,0.0,6.7,29,Open-Meteo Historical Weather API
2025-12-28 14:00:00,25.8,0.0,5.1,28,Open-Meteo Historical Weather API
2025-12-28 15:00:00,25.6,0.0,4.5,29,Open-Meteo Historical Weather API
2025-12-28 16:00:00,25.1,0.0,5.5,29,Open-Meteo Historical Weather API
2025-12-28 17:00:00,23.5,0.0,7.8,34,Open-Meteo Historical Weather API
2025-12-28 18:00:00,21.2,0.0,10.0,40,Open-Meteo Historical Weather API
2025-12-28 19:00:00,20.3,0.0,11.1,41,Open-Meteo Historical Weather API
2025-12-28 20:00:00,19.4,0.0,11.5,42,Open-Meteo Historical Weather API
2025-12-28 21:00:00,18.3,0.0,9.9,44,Open-Meteo Historical Weather API
2025-12-28 22:00:00,17.6,0.0,7.7,45,Open-Meteo Historical Weather API
2025-12-28 23:00:00,16.1,0.0,10.0,52,Open-Meteo Historical Weather API
2025-12-29 00:00:00,14.8,0.0,9.4,60,Open-Meteo Historical Weather API
2025-12-29 01:00:00,14.1,0.0,9.9,65,Open-Meteo Historical Weather API
2025-12-29 02:00:00,13.8,0.0,10.0,67,Open-Meteo Historical Weather API
2025-12-29 03:00:00,13.6,0.0,10.2,67,Open-Meteo Historical Weather API
2025-12-29 04:00:00,13.3,0.0,10.2,67,Open-Meteo Historical Weather API
2025-12-29 05:00:00,12.9,0.0,11.1,67,Open-Meteo Historical Weather API
2025-12-29 06:00:00,12.2,0.0,11.0,69,Open-Meteo Historical Weather API
2025-12-29 07:00:00,11.8,0.0,11.1,69,Open-Meteo Historical Weather API
2025-12-29 08:00:00,13.4,0.0,10.8,63,Open-Meteo Historical Weather API
2025-12-29 09:00:00,16.6,0.0,8.5,53,Open-Meteo Historical Weather API
2025-12-29 10:00:00,20.0,0.0,9.5,44,Open-Meteo Historical Weather API
2025-12-29 11:00:00,22.7,0.0,11.4,37,Open-Meteo Historical Weather API
2025-12-29 12:00:00,24.4,0.0,11.0,30,Open-Meteo Historical Weather API
2025-12-29 13:00:00,25.3,0.0,8.7,28,Open-Meteo Historical Weather API
2025-12-29 14:00:00,25.6,0.0,5.0,27,Open-Meteo Historical Weather API
2025-12-29 15:00:00,25.5,0.0,4.0,28,Open-Meteo Historical Weather API
2025-12-29 16:00:00,25.0,0.0,4.9,29,Open-Meteo Historical Weather API
2025-12-29 17:00:00,23.5,0.0,6.6,33,Open-Meteo Historical Weather API
2025-12-29 18:00:00,21.4,0.0,10.8,39,Open-Meteo Historical Weather API
2025-12-29 19:00:00,20.2,0.0,8.6,41,Open-Meteo Historical Weather API
2025-12-29 20:00:00,19.3,0.0,7.1,43,Open-Meteo Historical Weather API
2025-12-29 21:00:00,18.5,0.0,5.0,45,Open-Meteo Historical Weather API
2025-12-29 22:00:00,17.1,0.0,2.8,50,Open-Meteo Historical Weather API
2025-12-29 23:00:00,16.1,0.0,3.2,54,Open-Meteo Historical Weather API
2025-12-30 00:00:00,15.6,0.0,4.8,54,Open-Meteo Historical Weather API
2025-12-30 01:00:00,14.6,0.0,9.3,57,Open-Meteo Historical Weather API
2025-12-30 02:00:00,14.0,0.0,9.5,59,Open-Meteo Historical Weather API
2025-12-30 03:00:00,13.4,0.0,9.9,62,Open-Meteo Historical Weather API
2025-12-30 04:00:00,12.7,0.0,9.9,64,Open-Meteo Historical Weather API
2025-12-30 05:00:00,12.0,0.0,8.4,67,Open-Meteo Historical Weather API
2025-12-30 06:00:00,11.4,0.0,7.4,68,Open-Meteo Historical Weather API
2025-12-30 07:00:00,11.5,0.0,7.8,68,Open-Meteo Historical Weather API
2025-12-30 08:00:00,13.1,0.0,6.9,62,Open-Meteo Historical Weather API
2025-12-30 09:00:00,16.5,0.0,4.3,53,Open-Meteo Historical Weather API
2025-12-30 10:00:00,20.3,0.0,3.1,43,Open-Meteo Historical Weather API
2025-12-30 11:00:00,23.0,0.0,4.1,35,Open-Meteo Historical Weather API
2025-12-30 12:00:00,25.1,0.0,6.1,25,Open-Meteo Historical Weather API
2025-12-30 13:00:00,26.2,0.0,7.8,23,Open-Meteo Historical Weather API
2025-12-30 14:00:00,26.8,0.0,9.8,20,Open-Meteo Historical Weather API
2025-12-30 15:00:00,26.5,0.0,10.7,21,Open-Meteo Historical Weather API
2025-12-30 16:00:00,25.7,0.0,10.5,24,Open-Meteo Historical Weather API
2025-12-30 17:00:00,24.1,0.0,9.8,27,Open-Meteo Historical Weather API
2025-12-30 18:00:00,22.0,0.0,11.1,33,Open-Meteo Historical Weather API
2025-12-30 19:00:00,20.1,0.0,15.6,47,Open-Meteo Historical Weather API
2025-12-30 20:00:00,18.6,0.0,12.2,60,Open-Meteo Historical Weather API
2025-12-30 21:00:00,17.4,0.0,7.6,65,Open-Meteo Historical Weather API
2025-12-30 22:00:00,16.2,0.0,5.9,71,Open-Meteo Historical Weather API
2025-12-30 23:00:00,15.3,0.0,4.0,76,Open-Meteo Historical Weather API
2025-12-31 00:00:00,14.2,0.0,2.3,82,Open-Meteo Historical Weather API
2025-12-31 01:00:00,13.7,0.0,0.4,83,Open-Meteo Historical Weather API
2025-12-31 02:00:00,13.5,0.0,0.4,83,Open-Meteo Historical Weather API
2025-12-31 03:00:00,13.2,0.0,1.1,83,Open-Meteo Historical Weather API
2025-12-31 04:00:00,12.8,0.0,1.9,83,Open-Meteo Historical Weather API
2025-12-31 05:00:00,12.5,0.0,4.5,83,Open-Meteo Historical Weather API
2025-12-31 06:00:00,12.0,0.0,3.5,83,Open-Meteo Historical Weather API
2025-12-31 07:00:00,12.3,0.0,4.2,79,Open-Meteo Historical Weather API
2025-12-31 08:00:00,14.7,0.0,5.3,68,Open-Meteo Historical Weather API
2025-12-31 09:00:00,18.4,0.0,3.1,53,Open-Meteo Historical Weather API
2025-12-31 10:00:00,21.1,0.0,2.8,40,Open-Meteo Historical Weather API
2025-12-31 11:00:00,22.5,0.0,4.9,30,Open-Meteo Historical Weather API
2025-12-31 12:00:00,24.4,0.0,6.5,25,Open-Meteo Historical Weather API
2025-12-31 13:00:00,25.4,0.0,8.9,23,Open-Meteo Historical Weather API
2025-12-31 14:00:00,25.6,0.0,11.8,22,Open-Meteo Historical Weather API
2025-12-31 15:00:00,25.2,0.0,12.8,24,Open-Meteo Historical Weather API
2025-12-31 16:00:00,24.1,0.0,12.4,30,Open-Meteo Historical Weather API
2025-12-31 17:00:00,22.5,0.0,11.1,40,Open-Meteo Historical Weather API
2025-12-31 18:00:00,20.4,0.0,10.8,49,Open-Meteo Historical Weather API
2025-12-31 19:00:00,19.4,0.0,11.8,55,Open-Meteo Historical Weather API
2025-12-31 20:00:00,18.4,0.0,10.6,61,Open-Meteo Historical Weather API
2025-12-31 21:00:00,17.5,0.0,9.9,66,Open-Meteo Historical Weather API
2025-12-31 22:00:00,16.6,0.0,8.8,72,Open-Meteo Historical Weather API
2025-12-31 23:00:00,15.9,0.0,7.9,79,Open-Meteo Historical Weather API
